{
  "budget_profile": {
    "architecture": "x86_64",
    "godot_version": "4.6.3",
    "limits": {
      "clear_ns": 20000000,
      "cold_frame_max_ns": 200000000,
      "cold_scenario_ns": 500000000,
      "collision_sink_p95_ns": 300000000,
      "frame_max_p95_ns": 100000000,
      "peak_working_set_bytes": 268435456,
      "readiness_max_frames": 8,
      "render_sink_p95_ns": 100000000,
      "scenario_p50_ns": 200000000,
      "scenario_p95_ns": 400000000
    },
    "name": "windows-x86_64-godot-4.6.3-reference",
    "platform": "windows",
    "reference_host": {
      "cpu": "Intel64 Family 6 Model 158 Stepping 9, GenuineIntel",
      "logical_cpu_count": 4,
      "physical_memory_bytes": 17066790912
    }
  },
  "captured_utc": "2026-06-21T17:34:50.481897+00:00",
  "host": {
    "architecture": "x86_64",
    "cpu": "Intel64 Family 6 Model 158 Stepping 9, GenuineIntel",
    "logical_cpu_count": 4,
    "physical_memory_bytes": 17066790912,
    "platform": "windows",
    "platform_description": "Windows-10-10.0.19045-SP0"
  },
  "measurements": {
    "clear_ns": 197300,
    "cold_frame_max_ns": 11267700,
    "cold_scenario_ns": 62499700,
    "collision_sink_p50_ns": 58137800,
    "collision_sink_p95_ns": 134687500,
    "frame_max_p50_ns": 12733500,
    "frame_max_p95_ns": 55008900,
    "frame_max_p99_ns": 97700200,
    "peak_working_set_bytes": 101085184,
    "readiness_max_frames": 8,
    "render_sink_p50_ns": 5638000,
    "render_sink_p95_ns": 12825200,
    "scenario_max_ns": 330123900,
    "scenario_p50_ns": 64345000,
    "scenario_p95_ns": 148857000,
    "scenario_p99_ns": 203033000
  },
  "samples_ns": {
    "collision_sink": [
      49458700,
      54475600,
      57189700,
      55525500,
      46648900,
      53201600,
      73102200,
      48772400,
      44828200,
      58229300,
      120619500,
      176430600,
      122659800,
      110285800,
      60468200,
      51444300,
      56145100,
      45391700,
      48399800,
      92912700,
      65284300,
      46473300,
      46348300,
      40847700,
      42795900,
      49820900,
      42668900,
      47988600,
      47179500,
      43600000,
      40332200,
      44982700,
      42832500,
      41328400,
      41034300,
      49546300,
      41644500,
      69963200,
      74732200,
      73185100,
      61182800,
      63075500,
      61969300,
      57632700,
      57801200,
      53843200,
      59282500,
      156054900,
      320112400,
      141348000,
      91831800,
      197696300,
      134687500,
      64677400,
      78419500,
      50862300,
      64152800,
      62797400,
      92279300,
      54923200,
      60900200,
      67922000,
      65746400,
      41858300,
      94126200,
      76364000,
      58137800,
      53051100,
      48560700,
      55650800,
      62841800,
      54982300,
      49166100,
      61631100,
      57842700,
      60797700,
      56237900,
      58462400,
      68499800,
      64421600,
      58375600,
      62089900,
      60970400,
      50690800,
      71542300,
      57375900,
      74654800,
      54845700,
      57831200,
      61258800,
      57603000,
      56438700,
      48840000,
      56776200,
      45724900,
      63732600,
      84760900,
      67707200,
      68862000,
      59274400,
      59741300
    ],
    "frame_max": [
      8741900,
      14393700,
      15273300,
      11910100,
      8493000,
      11644600,
      20658100,
      8486400,
      8114300,
      13840600,
      96519500,
      67720400,
      62475800,
      39989700,
      12240300,
      12855200,
      9645100,
      7271900,
      8459300,
      36390800,
      14698000,
      11822500,
      10094800,
      7337400,
      8738800,
      10978400,
      6634200,
      9854900,
      9543300,
      8374400,
      7072000,
      8892700,
      10046900,
      7113200,
      6741600,
      12367100,
      6756500,
      14803100,
      14018300,
      15976200,
      11445700,
      12488000,
      12341700,
      12244700,
      12802500,
      11337200,
      12449300,
      97700200,
      105138200,
      55008900,
      23511200,
      49345000,
      47501200,
      16571100,
      14821100,
      10958600,
      12654800,
      10876400,
      29435200,
      12637800,
      10260700,
      13568400,
      14298800,
      7132100,
      31258400,
      16323500,
      16536500,
      13223200,
      11298200,
      24767100,
      13251600,
      11349000,
      9288500,
      17343800,
      10306800,
      12419700,
      11847100,
      19721900,
      16094300,
      16176600,
      13442100,
      16979800,
      13724800,
      11077800,
      20773700,
      12733500,
      17302800,
      12486500,
      14861800,
      21113200,
      11492600,
      11570000,
      10417600,
      14677200,
      8568200,
      14459400,
      28787100,
      12980700,
      15439700,
      12840100,
      14278400
    ],
    "render_sink": [
      5478200,
      4531200,
      5879600,
      8748000,
      4885100,
      6459600,
      6096700,
      4792000,
      4701800,
      5473500,
      71247800,
      9151000,
      5802000,
      15176900,
      5106300,
      11283100,
      6504000,
      5847900,
      5483500,
      8975400,
      6135400,
      5027400,
      4962500,
      4917800,
      5017900,
      5912000,
      4327000,
      5840100,
      5783800,
      5235300,
      4794600,
      4962400,
      4872600,
      4913500,
      5251400,
      6127000,
      4283500,
      4787600,
      4767000,
      5706500,
      5738300,
      6372900,
      5244000,
      6976200,
      6495600,
      5579600,
      4401000,
      5979800,
      9948200,
      4902300,
      10994000,
      5287100,
      14105700,
      35542400,
      6446500,
      6652600,
      4449000,
      8377900,
      5809300,
      11485600,
      4833400,
      5166000,
      5691500,
      5228900,
      6354800,
      4360800,
      8405100,
      4253800,
      5987600,
      19916800,
      5825400,
      4220200,
      4701100,
      4715200,
      4366200,
      5755000,
      4541800,
      12825200,
      5692900,
      7218700,
      4220100,
      4952800,
      9220100,
      6038500,
      5132900,
      4966700,
      6302400,
      5638000,
      4443700,
      6940500,
      4118800,
      7817700,
      4153300,
      7201200,
      4556300,
      5082500,
      7890700,
      10618500,
      5097100,
      4567500,
      4606400
    ],