{
  "budget_profile": {
    "architecture": "x86_64",
    "godot_version": "4.7",
    "limits": {
      "clear_ns": 20000000,
      "cold_frame_max_ns": 200000000,
      "cold_scenario_ns": 500000000,
      "collision_sink_p95_ns": 300000000,
      "frame_max_p95_ns": 100000000,
      "peak_working_set_bytes": 268435456,
      "readiness_max_frames": 8,
      "render_sink_p95_ns": 100000000,
      "scenario_p50_ns": 200000000,
      "scenario_p95_ns": 400000000
    },
    "name": "windows-x86_64-godot-4.7-reference",
    "platform": "windows",
    "reference_host": {
      "cpu": "Intel64 Family 6 Model 158 Stepping 9, GenuineIntel",
      "logical_cpu_count": 4,
      "physical_memory_bytes": 17066790912
    }
  },
  "captured_utc": "2026-06-21T17:35:07.141212+00:00",
  "host": {
    "architecture": "x86_64",
    "cpu": "Intel64 Family 6 Model 158 Stepping 9, GenuineIntel",
    "logical_cpu_count": 4,
    "physical_memory_bytes": 17066790912,
    "platform": "windows",
    "platform_description": "Windows-10-10.0.19045-SP0"
  },
  "measurements": {
    "clear_ns": 158300,
    "cold_frame_max_ns": 16899900,
    "cold_scenario_ns": 84268500,
    "collision_sink_p50_ns": 61143100,
    "collision_sink_p95_ns": 86355400,
    "frame_max_p50_ns": 14033200,
    "frame_max_p95_ns": 28519200,
    "frame_max_p99_ns": 68671500,
    "peak_working_set_bytes": 106741760,
    "readiness_max_frames": 8,
    "render_sink_p50_ns": 6523100,
    "render_sink_p95_ns": 18189700,
    "scenario_max_ns": 187417800,
    "scenario_p50_ns": 69227800,
    "scenario_p95_ns": 97189300,
    "scenario_p99_ns": 178286200
  },
  "samples_ns": {
    "collision_sink": [
      169155000,
      68270800,
      53696400,
      67432200,
      60470900,
      64502800,
      54530600,
      85047700,
      179071900,
      153727500,
      75960800,
      57647900,
      50550400,
      48881700,
      57161200,
      49420000,
      62786700,
      65925800,
      50403900,
      86355400,
      72967500,
      64103800,
      69598200,
      50154400,
      52871000,
      61143100,
      49143400,
      60844100,
      69979700,
      66638700,
      60811500,
      59249100,
      61782200,
      60104400,
      56476200,
      54662300,
      58500600,
      67515800,
      66932500,
      64321100,
      80083700,
      101419000,
      80960800,
      75606700,
      55259200,
      63883400,
      81867600,
      61146400,
      51528100,
      57863400,
      53212600,
      49431500,
      52784800,
      49140500,
      73046300,
      75177300,
      59137200,
      69841000,
      52558500,
      56060400,
      81211000,
      60948800,
      62453300,
      54721200,
      60475800,
      48481500,
      54896400,
      51768300,
      60066000,
      57993900,
      73079600,
      88511700,
      67820500,
      63308000,
      85538400,
      51352700,
      52110400,
      60237800,
      62715700,
      73840200,
      50089300,
      85594500,
      58714200,
      63123200,
      84591000,
      50313300,
      51576700,
      50513800,
      77682500,
      61706600,
      53504700,
      57393300,
      71419600,
      47865200,
      57691400,
      51466200,
      68471700,
      63657400,
      72114000,
      64464500,
      68587200
    ],
    "frame_max": [
      61727000,
      15078600,
      12051900,
      20380300,
      12496500,
      13926900,
      12100700,
      23802400,
      68671500,
      71395500,
      23899200,
      15241100,
      11369200,
      9812000,
      14970400,
      9947900,
      13236400,
      14017400,
      13259900,
      35271000,
      19069000,
      14566100,
      15162400,
      14033200,
      10588700,
      11908400,
      9717900,
      25370400,
      13521700,
      20749400,
      13577700,
      15962900,
      15375800,
      17958000,
      10737500,
      11566000,
      11821700,
      14885100,
      13136500,
      12367700,
      20850400,
      17852900,
      28056600,
      14776500,
      11013800,
      15669500,
      26797700,
      14954500,
      13270000,
      10755400,
      13647000,
      9625100,
      10328700,
      9047000,
      22231900,
      14118200,
      10209800,
      15675400,
      11372300,
      12333000,
      23767400,
      12187800,
      15846600,
      11557600,
      18217700,
      9537500,
      11123900,
      9108800,
      24059100,
      13263000,
      13277700,
      16818700,
      14567300,
      14956100,
      29193700,
      13054200,
      10820500,
      12953600,
      16811400,
      15936800,
      9734500,
      28519200,
      11105500,
      12054300,
      16409300,
      10305300,
      16533800,
      11063600,
      19864900,
      18304500,
      11035000,
      12784200,
      14990800,
      9376500,
      10690200,
      12567800,
      17794600,
      15310700,
      19322900,
      15427800,
      14733500
    ],
    "render_sink": [
      8466600,
      6235500,
      8631600,
      9136000,
      6346600,
      5551100,
      6523100,
      18189700,
      8281000,
      24513000,
      7307100,
      5856800,
      8890700,
      5671900,
      6752900,
      8874700,
      6375800,
      6596000,
      13877000,
      10778600,
      6063900,
      6228600,
      7841900,
      14797900,
      5043800,
      6034900,
      5526200,
      18423300,
      13750900,
      11631700,
      13243000,
      9701300,
      5579000,
      12766000,
      5279500,
      5128900,
      7772600,
      5617900,
      6073600,
      6140200,
      5202900,
      5638900,
      5542500,
      6393500,
      8444200,
      8243300,
      8589900,
      6655500,
      16891700,
      6494700,
      10018400,
      5127500,
      5322700,
      5211400,
      10781400,
      5779000,
      5283400,
      5489500,
      5459800,
      9257700,
      9049000,
      6005100,
      6074700,
      6581500,
      5987600,
      5119300,
      5294100,
      5095100,
      19803800,
      8201000,
      8445600,
      6926600,
      10436400,
      6036100,
      9367700,
      17941600,
      9881500,
      6016000,
      5156100,
      6277000,
      5125900,
      10308500,
      5564800,
      5434300,
      5871400,
      11532500,
      19013400,
      8808500,
      6423400,
      9419000,
      6072600,
      8819100,
      5466100,
      6669300,
      6613800,
      5803200,
      5998100,
      6024100,
      5489300,
      18420000,
      10059900
    ],