{
  "budget_profile": {
    "architecture": "x86_64",
    "limits": {
      "io_decode_batch_p50_ns": 60000000,
      "io_decode_batch_p95_ns": 150000000,
      "page_mesh_batch_p50_ns": 100000000,
      "page_mesh_batch_p95_ns": 400000000,
      "peak_working_set_bytes": 33554432,
      "transition_mesh_batch_p50_ns": 75000000,
      "transition_mesh_batch_p95_ns": 400000000
    },
    "name": "windows-x86_64-reference",
    "platform": "windows",
    "reference_host": {
      "cpu": "Intel64 Family 6 Model 158 Stepping 9, GenuineIntel",
      "logical_cpu_count": 4,
      "physical_memory_bytes": 17066790912
    }
  },
  "captured_utc": "2026-06-21T14:27:57.606030+00:00",
  "host": {
    "architecture": "x86_64",
    "cpu": "Intel64 Family 6 Model 158 Stepping 9, GenuineIntel",
    "logical_cpu_count": 4,
    "physical_memory_bytes": 17066790912,
    "platform": "windows",
    "platform_description": "Windows-10-10.0.19045-SP0"
  },
  "measurements": {
    "io_decode_batch_max_ns": 95788600,
    "io_decode_batch_p50_ns": 26737600,
    "io_decode_batch_p95_ns": 36840400,
    "io_decode_batch_p99_ns": 78791800,
    "io_decode_per_page_p95_ns": 2167083,
    "page_mesh_batch_max_ns": 94490300,
    "page_mesh_batch_p50_ns": 35254700,
    "page_mesh_batch_p95_ns": 59685300,
    "page_mesh_batch_p99_ns": 87260000,
    "page_mesh_per_chunk_p95_ns": 14921325,
    "peak_working_set_bytes": 9183232,
    "transition_mesh_batch_max_ns": 59676800,
    "transition_mesh_batch_p50_ns": 20624800,
    "transition_mesh_batch_p95_ns": 52121800,
    "transition_mesh_batch_p99_ns": 58115000,
    "transition_mesh_per_chunk_p95_ns": 52121800
  },
  "samples_ns": {
    "io_decode_batch": [
      44102200,
      22672700,
      27996900,
      24685900,
      29753300,
      32519900,
      35438000,
      23044200,
      22752500,
      27454200,
      36840400,
      22151800,
      36730800,
      25598900,
      26949300,
      24757400,
      21588700,
      27790600,
      53285300,
      30775400,
      26260500,
      28750000,
      28120800,
      27695700,
      27751500,
      29960000,
      32796700,
      34306600,
      31910900,
      29314700,
      21130600,
      31952000,
      27479600,
      26437500,
      23116700,
      27143400,
      25160700,
      29216200,
      27618900,
      26137900,
      21691900,
      24775600,
      21983000,
      27061700,
      24253900,
      20077700,
      30665300,
      22119100,
      21471800,
      24779300,
      24911700,
      21829100,
      26737600,
      20621600,
      24142900,
      26001200,
      27620000,
      25669000,
      24210500,
      32476500,
      33437900,
      29102200,
      28282900,
      26025500,
      95788600,
      27394900,
      30576400,
      28899700,
      31291700,
      28306000,
      29486400,
      27535200,
      23327200,
      28118900,
      33247800,
      23578200,
      24539000,
      40111500,
      28132300,
      31553800,
      30177200,
      32071900,
      22466600,
      25013700,
      78791800,
      22001700,
      21614400,
      23360400,
      23550900,
      23988800,
      36030400,
      26293600,
      21061000,
      19854700,
      19910900,
      21715900,
      19871900,
      20063600,
      19956900,
      21830100,
      21457800
    ],
    "page_mesh_batch": [
      28112700,
      28281900,
      41817800,
      34271600,
      29129800,
      29545700,
      34364600,
      29964100,
      26213300,
      40989600,
      40157300,
      39810700,
      32367800,
      30166000,
      34659800,
      43429300,
      35254700,
      48948000,
      44778300,
      40769600,
      34964500,
      44590700,
      35473800,
      40168300,
      38844400,
      40468300,
      41390500,
      31252300,
      37137000,
      27651200,
      36400200,
      37002200,
      31205800,
      37436500,
      38416200,
      34699300,
      37826600,
      94490300,
      44404100,
      28849100,
      29957400,
      42528500,
      24816300,
      26643900,
      72152100,
      26725600,
      23904200,
      26594000,
      40050600,
      44866700,
      38056000,
      25422000,
      27732400,
      33316900,
      34703500,
      36971000,
      55275500,
      29560800,
      37833700,
      54123300,
      47516400,
      44902700,
      42731900,
      34616300,
      54284300,
      39886300,
      30927700,
      37093500,
      74100300,
      28111900,
      64741700,
      31439200,
      27580800,
      28741500,
      41513900,
      28112100,
      42421000,
      39272100,
      25044000,
      87260000,
      30867000,
      58961400,
      37433900,
      50697800,
      48867900,
      34472500,
      26680600,
      24784700,
      28870000,
      26758400,
      26468600,
      36756600,
      22750700,
      44779700,
      23389700,
      23233000,
      22011200,
      59685300,
      20971200,
      21825400,
      27113800
    ],
    "transition_mesh_batch": [
      17357300,
      22427600,
      17905400,
      26923500,
      28100800,
      26474300,
      21677800,
      17092200,
      17560300,
      24293600,
      16868200,
      16217600,
      22305900,
      21667200,
      19637100,
      15380300,
      23302400,
      17408800,
      25154000,
      32516400,
      23575200,
      21651400,
      20818800,
      20923600,
      31679500,
      37806500,
      22008600,
      29811900,
      24135400,
      22616500,
      16995900,
      20750500,
      18874600,
      57256700,
      22865000,
      29375900,
      40049400,
      22256900,
      16488200,
      15710800,
      14885400,
      21725600,
      13938600,
      14692000,
      17656300,
      14696700,
      15701800,
      58115000,
      29137500,
      20624800,
      14509500,
      14800000,
      15252600,
      55809800,
      20208400,
      20684400,
      23052600,
      20080700,
      15369800,
      16754700,
      22566100,
      56301400,
      22652400,
      30793500,
      27819000,
      52121800,
      20152600,
      20019200,
      26259800,
      49019800,
      23806200,
      17691300,
      17450400,
      59676800,
      18861100,
      15724500,
      14838700,
      16446900,
      19262900,
      22315700,
      16354400,
      23998100,
      23902800,
      26917800,
      14838200,
      15317000,
      44102700,
      25318000,
      15565200,
      20127600,
      15044700,
      16279300,
      13898000,
      13605000,
      13121400,
      12627700,
      13391200,
      21401000,
      13706900,
      12429800,
      13640400
    ]
  },
  "schema": 1,
  "scope": "warm_page_io_decode_and_integrated_mit_page_meshing",
  "source": {
    "configuration": "template_release",
    "executable": "build/native-tests/test_wt_m5_pipeline_budget.template_release.x86_64.exe",
    "executable_sha256": "49669eb2f408120fe77a556370aad881c50cc0f0fd5b4a7e8ac20d716625ac9b",
    "git_describe": "499e3cc-dirty",
    "git_revision": "499e3cc8755b77067be56aac73c7faadfceb5257",
    "zig_version": "0.16.0"
  },
  "workload": {
    "backend": "transvoxel_mit_official",
    "encoded_bytes_per_run": 704106,
    "iterations": 101,
    "page_mesh_chunks_per_run": 4,
    "page_mesh_triangles_per_run": 4124,
    "page_mesh_vertices_per_run": 2244,
    "pages_per_run": 17,
    "transition_chunks_per_run": 1,
    "transition_mesh_triangles_per_run": 2120,
    "transition_mesh_vertices_per_run": 1272,
    "transition_source": "decoded_pages",
    "warmup_iterations": 10
  }
}
