{
  "budget_profile": {
    "architecture": "x86_64",
    "limits": {
      "io_decode_batch_p50_ns": 20000000,
      "io_decode_batch_p95_ns": 50000000,
      "page_mesh_batch_p50_ns": 75000000,
      "page_mesh_batch_p95_ns": 200000000,
      "peak_working_set_bytes": 33554432,
      "transition_mesh_batch_p50_ns": 200000000,
      "transition_mesh_batch_p95_ns": 500000000
    },
    "name": "windows-x86_64-reference",
    "platform": "windows",
    "reference_host": {
      "cpu": "Intel64 Family 6 Model 158 Stepping 9, GenuineIntel",
      "logical_cpu_count": 4,
      "physical_memory_bytes": 17066790912
    }
  },
  "captured_utc": "2026-06-21T13:07:32.563361+00:00",
  "host": {
    "architecture": "x86_64",
    "cpu": "Intel64 Family 6 Model 158 Stepping 9, GenuineIntel",
    "logical_cpu_count": 4,
    "physical_memory_bytes": 17066790912,
    "platform": "windows",
    "platform_description": "Windows-10-10.0.19045-SP0"
  },
  "measurements": {
    "io_decode_batch_max_ns": 15966600,
    "io_decode_batch_p50_ns": 7065700,
    "io_decode_batch_p95_ns": 11645800,
    "io_decode_batch_p99_ns": 12657100,
    "io_decode_per_page_p95_ns": 2911450,
    "page_mesh_batch_max_ns": 56712000,
    "page_mesh_batch_p50_ns": 29793000,
    "page_mesh_batch_p95_ns": 43287800,
    "page_mesh_batch_p99_ns": 52476900,
    "page_mesh_per_chunk_p95_ns": 10821950,
    "peak_working_set_bytes": 8794112,
    "transition_mesh_batch_max_ns": 162812400,
    "transition_mesh_batch_p50_ns": 104161700,
    "transition_mesh_batch_p95_ns": 139907000,
    "transition_mesh_batch_p99_ns": 159390600,
    "transition_mesh_per_chunk_p95_ns": 19986715
  },
  "samples_ns": {
    "io_decode_batch": [
      8508800,
      6868600,
      7693700,
      6522300,
      7661100,
      7573000,
      5906500,
      12657100,
      9481600,
      5243200,
      8244000,
      6557200,
      7787800,
      10323200,
      5344200,
      5399800,
      5192500,
      11566700,
      5250100,
      7458500,
      6650700,
      7032100,
      7566100,
      12287300,
      8498000,
      6937400,
      8160600,
      7795200,
      6230800,
      8558700,
      9024000,
      8927400,
      6185100,
      15966600,
      7202000,
      7225200,
      6656100,
      6401900,
      7916200,
      8566900,
      7494200,
      6299500,
      9854900,
      6873400,
      7138500,
      8113700,
      9897900,
      9540500,
      6834100,
      5485200,
      6860500,
      6432200,
      6733100,
      7605300,
      8826100,
      7125900,
      5709800,
      5205400,
      9225700,
      6603200,
      8877800,
      6006800,
      6857900,
      6135700,
      9923000,
      12090800,
      9881000,
      8789500,
      10211000,
      6599800,
      5725500,
      6832600,
      5738200,
      5348100,
      11724500,
      5922100,
      7068200,
      6000700,
      7854900,
      7065700,
      7921100,
      6839100,
      5838200,
      5864700,
      6560200,
      7681200,
      7923600,
      7937300,
      11645800,
      5809500,
      6138600,
      6119700,
      6004300,
      6815900,
      5781000,
      6300700,
      8399500,
      7053100,
      5710500,
      6303200,
      8455900
    ],
    "page_mesh_batch": [
      43287800,
      29022400,
      29911000,
      29707700,
      39028200,
      51692300,
      32864400,
      45105900,
      25341000,
      42008100,
      29238000,
      29068300,
      29025300,
      31808500,
      29280400,
      28128700,
      31377300,
      35368100,
      27933700,
      30981400,
      42126900,
      34103700,
      32143000,
      36428800,
      37432900,
      26989600,
      30725500,
      41045400,
      34294100,
      41382700,
      31059700,
      29635500,
      26053300,
      56712000,
      25121000,
      24287700,
      24819700,
      23511700,
      32486500,
      39063500,
      29582800,
      27758100,
      31393600,
      34877300,
      28126600,
      37754100,
      29397200,
      26842800,
      29793000,
      24498700,
      25349000,
      30772400,
      27290200,
      37168900,
      29887700,
      24289800,
      22688200,
      27720800,
      33479200,
      28716900,
      22400300,
      24701200,
      27633000,
      27838600,
      28467100,
      39319000,
      34028200,
      28656700,
      30021400,
      25332900,
      27911500,
      31443300,
      30350400,
      31115000,
      27791700,
      30944400,
      27285100,
      41751600,
      39133400,
      28059300,
      32636300,
      30908200,
      24849700,
      27417500,
      29293300,
      25868100,
      37891300,
      38603600,
      33265300,
      29412100,
      52476900,
      42221000,
      29727500,
      27871900,
      29151000,
      39780500,
      48013000,
      38573800,
      24821100,
      28582500,
      25547300
    ],
    "transition_mesh_batch": [
      129266100,
      107672100,
      120391100,
      132211900,
      105183700,
      108424900,
      121730600,
      92338200,
      128693800,
      107484900,
      102009400,
      93043600,
      86346800,
      90589000,
      97859800,
      88495800,
      97104700,
      83393700,
      98197300,
      103598300,
      98541400,
      94876200,
      86556100,
      100213900,
      96800200,
      115590000,
      111158800,
      99511100,
      94290200,
      101872200,
      87230300,
      96572200,
      162812400,
      98970400,
      105751800,
      83554700,
      72822500,
      82601800,
      138108200,
      153801000,
      126099800,
      104275400,
      111826900,
      134973900,
      153880000,
      123416900,
      120901700,
      114160700,
      111069100,
      75558100,
      85690400,
      106824200,
      104161700,
      92494600,
      91891700,
      90211300,
      87504200,
      93299500,
      80005600,
      75330600,
      114785100,
      123898900,
      91769300,
      102712900,
      127507400,
      115809700,
      140971300,
      112474600,
      96245400,
      105857200,
      99738000,
      100423600,
      92049200,
      103238000,
      159390600,
      102543700,
      139907000,
      129902500,
      117610600,
      106024700,
      120112600,
      91587600,
      82411800,
      85913000,
      118295400,
      120072600,
      109030400,
      103967000,
      134695800,
      118046400,
      126911300,
      117021400,
      93820800,
      117226800,
      98134800,
      105109500,
      134140800,
      125000000,
      98503100,
      99435100,
      130999900
    ]
  },
  "schema": 1,
  "scope": "warm_page_io_decode_and_mit_chunk_meshing",
  "source": {
    "configuration": "template_release",
    "executable": "build/native-tests/test_wt_m5_pipeline_budget.template_release.x86_64.exe",
    "executable_sha256": "691b46c90090faaad89f511bdad6c265a0ffbcdcf0312041ffa6e43ecc6b2392",
    "git_describe": "32fa8ca-dirty",
    "git_revision": "32fa8ca68210cd59d1fbb6f125d16aebcad22d70",
    "zig_version": "0.16.0"
  },
  "workload": {
    "backend": "transvoxel_mit_official",
    "encoded_bytes_per_run": 165672,
    "iterations": 101,
    "page_mesh_chunks_per_run": 4,
    "page_mesh_triangles_per_run": 2994,
    "page_mesh_vertices_per_run": 1656,
    "pages_per_run": 4,
    "transition_chunks_per_run": 7,
    "transition_mesh_triangles_per_run": 13784,
    "transition_mesh_vertices_per_run": 7848,
    "warmup_iterations": 10
  }
}
