{
  "budget_profile": {
    "architecture": "x86_64",
    "limits": {
      "io_decode_batch_p50_ns": 60000000,
      "io_decode_batch_p95_ns": 150000000,
      "page_mesh_batch_p50_ns": 100000000,
      "page_mesh_batch_p95_ns": 400000000,
      "peak_working_set_bytes": 33554432,
      "transition_mesh_batch_p50_ns": 75000000,
      "transition_mesh_batch_p95_ns": 400000000
    },
    "name": "windows-x86_64-reference",
    "platform": "windows",
    "reference_host": {
      "cpu": "Intel64 Family 6 Model 158 Stepping 9, GenuineIntel",
      "logical_cpu_count": 4,
      "physical_memory_bytes": 17066790912
    }
  },
  "captured_utc": "2026-06-21T14:31:23.498858+00:00",
  "host": {
    "architecture": "x86_64",
    "cpu": "Intel64 Family 6 Model 158 Stepping 9, GenuineIntel",
    "logical_cpu_count": 4,
    "physical_memory_bytes": 17066790912,
    "platform": "windows",
    "platform_description": "Windows-10-10.0.19045-SP0"
  },
  "measurements": {
    "io_decode_batch_max_ns": 74747500,
    "io_decode_batch_p50_ns": 25615900,
    "io_decode_batch_p95_ns": 39733800,
    "io_decode_batch_p99_ns": 61466100,
    "io_decode_per_page_p95_ns": 2337283,
    "page_mesh_batch_max_ns": 237668100,
    "page_mesh_batch_p50_ns": 33752100,
    "page_mesh_batch_p95_ns": 82150300,
    "page_mesh_batch_p99_ns": 183423100,
    "page_mesh_per_chunk_p95_ns": 20537575,
    "peak_working_set_bytes": 9293824,
    "transition_mesh_batch_max_ns": 166151600,
    "transition_mesh_batch_p50_ns": 19846400,
    "transition_mesh_batch_p95_ns": 44272600,
    "transition_mesh_batch_p99_ns": 88756100,
    "transition_mesh_per_chunk_p95_ns": 44272600
  },
  "samples_ns": {
    "io_decode_batch": [
      25309900,
      38154600,
      27349700,
      20474800,
      34208500,
      28022600,
      28114200,
      27191300,
      36326300,
      27820400,
      39733800,
      30374400,
      41797500,
      22724800,
      27380600,
      31497500,
      24556800,
      24061200,
      36503700,
      35091500,
      29803500,
      61466100,
      26289200,
      21736600,
      36578600,
      26140700,
      20629200,
      27628500,
      49897600,
      23361400,
      28286400,
      26967900,
      28438700,
      23084100,
      21707600,
      22492200,
      36690300,
      23315100,
      25392400,
      27439100,
      23353000,
      28946900,
      21501800,
      20660400,
      24105400,
      21361700,
      33891100,
      26188200,
      23314700,
      23962600,
      33377500,
      27487800,
      23478700,
      48476900,
      20814000,
      23961400,
      23919400,
      20735300,
      29662200,
      27176700,
      19908600,
      22731100,
      21353000,
      25492800,
      24147100,
      31088600,
      29785600,
      23712000,
      23962800,
      27277000,
      24542200,
      28455600,
      23798700,
      20063500,
      27718900,
      26332100,
      25184700,
      28525300,
      38823500,
      25168200,
      23466300,
      22842800,
      25043400,
      22511900,
      24968600,
      20157800,
      29748700,
      74747500,
      21159300,
      28472500,
      27723700,
      25088100,
      28697900,
      24965300,
      26081900,
      25615900,
      20253700,
      20219900,
      22664300,
      29808700,
      22498500
    ],
    "page_mesh_batch": [
      35848700,
      29389100,
      44519300,
      36673000,
      28634800,
      41223100,
      42376300,
      237668100,
      183423100,
      38247900,
      39571100,
      52696400,
      112832700,
      34126800,
      36648500,
      27814600,
      30111300,
      32279300,
      47164600,
      165671900,
      109682100,
      37015800,
      46586400,
      37055300,
      33337800,
      37967600,
      31626300,
      29470800,
      26571700,
      27986400,
      25230400,
      24546400,
      26801700,
      33842200,
      82150300,
      34627400,
      29374100,
      48205000,
      41134500,
      38112400,
      26169200,
      37815400,
      34534100,
      30512700,
      26111600,
      41242900,
      29276000,
      45101200,
      41806700,
      35597800,
      30030600,
      30624200,
      30119300,
      33730800,
      35850600,
      28022900,
      33967800,
      31423600,
      34286200,
      30430500,
      27198200,
      39240000,
      26946100,
      27269700,
      34846600,
      33752100,
      50507700,
      27245000,
      34101500,
      26352100,
      27679700,
      26131500,
      36454000,
      25167900,
      27762400,
      28540300,
      41018200,
      26410200,
      31105900,
      39512800,
      27828600,
      37299900,
      30604400,
      34299100,
      31752300,
      33226800,
      32127200,
      25515600,
      32287000,
      35849300,
      37938100,
      29606800,
      26606600,
      38857300,
      35779500,
      35790600,
      31654100,
      21935700,
      36330300,
      25374400,
      27297800
    ],
    "transition_mesh_batch": [
      21497600,
      15722000,
      16141300,
      19551100,
      17087400,
      36103700,
      22613400,
      166151600,
      49615700,
      28149400,
      28092100,
      44272600,
      30927900,
      27624600,
      23411000,
      19062300,
      15640300,
      22371200,
      34838700,
      88756100,
      27551400,
      17862300,
      17695400,
      25361900,
      15729100,
      21192800,
      23564700,
      36105600,
      18138800,
      19546800,
      14776700,
      27314500,
      13712700,
      14095500,
      15892100,
      17262100,
      16750400,
      24842500,
      19344600,
      69762000,
      29039200,
      18555300,
      14456100,
      17134800,
      14432300,
      25071300,
      25876500,
      32788800,
      39473600,
      17530300,
      34818400,
      32452700,
      26485200,
      15130800,
      14330000,
      20432800,
      20967200,
      15618800,
      13278500,
      13780300,
      14575100,
      41389500,
      19846400,
      16261200,
      18890200,
      16769100,
      13190000,
      16889800,
      19165300,
      14875300,
      13516900,
      13350000,
      13462300,
      13020500,
      13970800,
      35672900,
      20240600,
      25549800,
      22941700,
      16138000,
      13822800,
      20674900,
      27864300,
      13435600,
      22927600,
      31485000,
      28303700,
      13716900,
      20987200,
      19189400,
      82718000,
      21684500,
      18606000,
      34151700,
      14068100,
      21335700,
      21368400,
      23377500,
      19936500,
      13504800,
      19271400
    ]
  },
  "schema": 1,
  "scope": "warm_page_io_decode_and_integrated_mit_page_meshing",
  "source": {
    "configuration": "template_release",
    "executable": "build/native-tests/test_wt_m5_pipeline_budget.template_release.x86_64.exe",
    "executable_sha256": "49669eb2f408120fe77a556370aad881c50cc0f0fd5b4a7e8ac20d716625ac9b",
    "git_describe": "8d39fde",
    "git_revision": "8d39fdec93ba0e2eda41b30ef0928c7a76818843",
    "zig_version": "0.16.0"
  },
  "workload": {
    "backend": "transvoxel_mit_official",
    "encoded_bytes_per_run": 704106,
    "iterations": 101,
    "page_mesh_chunks_per_run": 4,
    "page_mesh_triangles_per_run": 4124,
    "page_mesh_vertices_per_run": 2244,
    "pages_per_run": 17,
    "transition_chunks_per_run": 1,
    "transition_mesh_triangles_per_run": 2120,
    "transition_mesh_vertices_per_run": 1272,
    "transition_source": "decoded_pages",
    "warmup_iterations": 10
  }
}
