{
  "budget_profile": {
    "architecture": "x86_64",
    "limits": {
      "io_decode_batch_p50_ns": 20000000,
      "io_decode_batch_p95_ns": 50000000,
      "page_mesh_batch_p50_ns": 75000000,
      "page_mesh_batch_p95_ns": 200000000,
      "peak_working_set_bytes": 33554432,
      "transition_mesh_batch_p50_ns": 200000000,
      "transition_mesh_batch_p95_ns": 500000000
    },
    "name": "windows-x86_64-reference",
    "platform": "windows",
    "reference_host": {
      "cpu": "Intel64 Family 6 Model 158 Stepping 9, GenuineIntel",
      "logical_cpu_count": 4,
      "physical_memory_bytes": 17066790912
    }
  },
  "captured_utc": "2026-06-21T13:10:17.980785+00:00",
  "host": {
    "architecture": "x86_64",
    "cpu": "Intel64 Family 6 Model 158 Stepping 9, GenuineIntel",
    "logical_cpu_count": 4,
    "physical_memory_bytes": 17066790912,
    "platform": "windows",
    "platform_description": "Windows-10-10.0.19045-SP0"
  },
  "measurements": {
    "io_decode_batch_max_ns": 18085000,
    "io_decode_batch_p50_ns": 7417100,
    "io_decode_batch_p95_ns": 11510700,
    "io_decode_batch_p99_ns": 15355600,
    "io_decode_per_page_p95_ns": 2877675,
    "page_mesh_batch_max_ns": 56555800,
    "page_mesh_batch_p50_ns": 34585500,
    "page_mesh_batch_p95_ns": 47363800,
    "page_mesh_batch_p99_ns": 53470700,
    "page_mesh_per_chunk_p95_ns": 11840950,
    "peak_working_set_bytes": 8765440,
    "transition_mesh_batch_max_ns": 184132400,
    "transition_mesh_batch_p50_ns": 126687500,
    "transition_mesh_batch_p95_ns": 166624300,
    "transition_mesh_batch_p99_ns": 182141300,
    "transition_mesh_per_chunk_p95_ns": 23803472
  },
  "samples_ns": {
    "io_decode_batch": [
      18085000,
      6954600,
      9364900,
      7406800,
      5945400,
      9671100,
      9564100,
      5877500,
      8360000,
      5388300,
      8832400,
      7417100,
      7565700,
      11024800,
      7962400,
      10509700,
      6621000,
      5466700,
      11510700,
      6803600,
      6761100,
      5450500,
      8383100,
      5863700,
      5454100,
      5379300,
      7419200,
      11645900,
      8011000,
      5978500,
      7621400,
      8081000,
      10447800,
      7136300,
      7193800,
      7357100,
      6139600,
      7909000,
      9525100,
      10994700,
      7989900,
      7213400,
      7435200,
      6167600,
      8490900,
      7851400,
      6801500,
      6280000,
      6387300,
      6945600,
      8840000,
      6475500,
      8085900,
      7147600,
      8827600,
      9932100,
      7260300,
      8520900,
      8368600,
      6838400,
      8497800,
      5417400,
      7605000,
      8337700,
      7465700,
      6349000,
      6826500,
      5665900,
      5330700,
      8254800,
      8750800,
      7716300,
      6839200,
      5489100,
      12221600,
      7961300,
      7943900,
      6103900,
      6105900,
      15355600,
      6244000,
      5754500,
      6172300,
      7255400,
      6030600,
      8374500,
      7563300,
      8537000,
      8071200,
      8090800,
      6814700,
      6130300,
      12652500,
      5728300,
      8067100,
      6144500,
      7197000,
      9615800,
      5563100,
      6647100,
      5944200
    ],
    "page_mesh_batch": [
      36428200,
      40100400,
      36172000,
      31536600,
      35103500,
      31231500,
      34450900,
      36653400,
      38159200,
      42701300,
      44925500,
      34121500,
      31421300,
      42392600,
      45217600,
      43016500,
      41752900,
      42654100,
      35407400,
      33768700,
      31566400,
      34551800,
      36069200,
      32981100,
      36306200,
      32591000,
      56555800,
      47363800,
      37816500,
      37057800,
      34656600,
      46512300,
      34657200,
      29212400,
      38886400,
      28374900,
      29968800,
      32322700,
      32701100,
      38486100,
      39200900,
      29446000,
      29932100,
      29916600,
      37550900,
      25708500,
      35936600,
      32156200,
      36466600,
      29392500,
      27889700,
      34585500,
      38180300,
      30444600,
      28090200,
      38374100,
      35665500,
      26707900,
      39221400,
      31220700,
      31974800,
      48266400,
      38630700,
      35233600,
      53470700,
      30966000,
      32571300,
      32653600,
      46588000,
      25782400,
      36674700,
      35375600,
      24416600,
      24339000,
      32303700,
      35426300,
      36954600,
      28464200,
      47426700,
      32896400,
      27725900,
      39521100,
      36293900,
      27589600,
      31452400,
      26264700,
      50394100,
      27870800,
      46080000,
      34824800,
      23985600,
      27876400,
      38484100,
      33250600,
      27405200,
      36246700,
      32848700,
      28486000,
      27959900,
      29833700,
      33361500
    ],
    "transition_mesh_batch": [
      131075800,
      128927100,
      137362200,
      118347800,
      107825400,
      167871400,
      128554400,
      184132400,
      116281400,
      159437700,
      142467300,
      132938100,
      135944100,
      127622900,
      182141300,
      163392600,
      129551800,
      145081400,
      169393600,
      112921100,
      112829300,
      136316400,
      129536500,
      143761700,
      114931100,
      145468400,
      151657800,
      126212400,
      136635300,
      126687500,
      141255500,
      152131100,
      133942100,
      112176900,
      114732200,
      99017200,
      99685200,
      109977000,
      107762300,
      134106900,
      117639100,
      96475700,
      94594100,
      88678100,
      100097800,
      134466400,
      145199500,
      98105000,
      113283700,
      133724600,
      138758200,
      151860800,
      126889900,
      119759600,
      121010300,
      91816000,
      105042500,
      116823400,
      125521700,
      125047000,
      116515600,
      171313900,
      120499900,
      116703400,
      117448200,
      132145000,
      95814900,
      112388800,
      100809800,
      166624300,
      104157400,
      107319200,
      142623400,
      133347400,
      130165300,
      98632500,
      159708600,
      147617500,
      132025300,
      142939200,
      123311000,
      107062900,
      149182300,
      144345000,
      98707600,
      117296300,
      122627700,
      126368000,
      114711600,
      110469300,
      151343000,
      144764000,
      113161500,
      115517300,
      139510600,
      115040600,
      149429000,
      122440600,
      126763100,
      103421800,
      127601400
    ]
  },
  "schema": 1,
  "scope": "warm_page_io_decode_and_mit_chunk_meshing",
  "source": {
    "configuration": "template_release",
    "executable": "build/native-tests/test_wt_m5_pipeline_budget.template_release.x86_64.exe",
    "executable_sha256": "691b46c90090faaad89f511bdad6c265a0ffbcdcf0312041ffa6e43ecc6b2392",
    "git_describe": "f87facc",
    "git_revision": "f87faccaa89c4ff33d8507589afdabe8d2d3d2e1",
    "zig_version": "0.16.0"
  },
  "workload": {
    "backend": "transvoxel_mit_official",
    "encoded_bytes_per_run": 165672,
    "iterations": 101,
    "page_mesh_chunks_per_run": 4,
    "page_mesh_triangles_per_run": 2994,
    "page_mesh_vertices_per_run": 1656,
    "pages_per_run": 4,
    "transition_chunks_per_run": 7,
    "transition_mesh_triangles_per_run": 13784,
    "transition_mesh_vertices_per_run": 7848,
    "warmup_iterations": 10
  }
}
